n_subjects,svc_mean_bal_acc,svc_std_bal_acc,ann_mean_bal_acc,ann_std_bal_acc,mean_diff_ann_minus_svc,mean_diff_percent_points,paired_t_p,paired_t_cohen_d,wilcoxon_p
10,0.3106398809523809,0.06952898411448054,0.40766369047619044,0.05319255353263982,0.09702380952380951,9.70238095238095,5.03871358294858e-06,1.5673763764212407,0.001953125
