W,pval,normal
0.9498055658147824,0.666200625825679,True
