T,dof,alternative,p_val,CI95,cohen_d,power,BF10
7.288495213392907,6,two-sided,0.000339872623740312,[0.06 0.12],1.4169544714000677,0.8749178579118164,97.214
