W,pval,normal
0.9607507237226349,0.8251491080508069,True
