T,dof,alternative,p_val,CI95,cohen_d,power,BF10
9.595876345859358,9,two-sided,5.03871358294858e-06,[0.07 0.12],1.5673763764212407,0.9922315097048435,3753.534
